﻿{"cameraMode":{"drawMode":0,"name":"Shaded","section":"Shading Mode"},"sceneLighting":false,"audioPlay":false,"sceneViewState":{"showFog":true,"showMaterialUpdate":true,"showSkybox":false,"showFlares":true,"showImageEffects":true,"showParticleSystems":true},"in2DMode":false,"pivot":{"x":3.7773263454437258,"y":0.24325239658355714,"z":3.829357862472534},"rotation":{"x":0.1782650351524353,"y":0.6779038310050964,"z":-0.17476794123649598,"w":0.6914652585983276},"size":2.000518798828125,"orthographic":false}