﻿{"cameraMode":{"drawMode":0,"name":"Shaded","section":"Shading Mode"},"sceneLighting":true,"audioPlay":false,"sceneViewState":{"showFog":true,"showMaterialUpdate":true,"showSkybox":true,"showFlares":true,"showImageEffects":true,"showParticleSystems":true},"in2DMode":false,"pivot":{"x":9.02117919921875,"y":-14.211594581604004,"z":-0.6187512874603272},"rotation":{"x":-0.34107470512390139,"y":-0.5545033812522888,"z":0.2660274803638458,"w":-0.7109314799308777},"size":23.334524154663087,"orthographic":false}